<?xml version="1.0" encoding="UTF-8"?>
<project-private xmlns="http://www.netbeans.org/ns/project-private/1">
    <editor-bookmarks xmlns="http://www.netbeans.org/ns/editor-bookmarks/2" lastBookmarkId="0"/>
    <open-files xmlns="http://www.netbeans.org/ns/projectui-open-files/2">
        <group>
            <file>file:/C:/Users/HP/Documents/NetBeansProjects/desktop/src/Services/AlimentAssocieService.java</file>
            <file>file:/C:/Users/HP/Documents/NetBeansProjects/desktop/src/Services/AlimentService.java</file>
            <file>file:/C:/Users/HP/Documents/NetBeansProjects/desktop/src/Presentation/ElixirController.java</file>
            <file>file:/C:/Users/HP/Documents/NetBeansProjects/desktop/src/Services/ProgrammeAlimentaireService.java</file>
            <file>file:/C:/Users/HP/Documents/NetBeansProjects/desktop/src/Presentation/Elixir.java</file>
            <file>file:/C:/Users/HP/Documents/NetBeansProjects/desktop/src/Presentation/style.css</file>
            <file>file:/C:/Users/HP/Documents/NetBeansProjects/desktop/src/IServices/IAlimentAssocie.java</file>
            <file>file:/C:/Users/HP/Documents/NetBeansProjects/desktop/src/IServices/IProgrammeAlimentaire.java</file>
            <file>file:/C:/Users/HP/Documents/NetBeansProjects/desktop/src/Presentation/main.java</file>
        </group>
    </open-files>
</project-private>
